INSERT INTO `admin_access` (id, page, role_required) VALUES
(2, 'statistics', 1),
(3, 'statistics/top', 1),
(4, 'statistics/view', 2),
(5, 'articles', 1),
(6, 'articles/create', 2),
(7, 'articles/store', 2),
(8, 'articles/edit', 2),
(9, 'articles/update', 2),
(10, 'categories', 1),
(11, 'categories/create', 2),
(12, 'categories/store', 2),
(13, 'categories/edit', 2),
(14, 'categories/update', 2),
(15, 'categories/delete', 3),
(16, 'users', 1),
(17, 'users/edit', 2),
(18, 'users/update', 2),
(19, 'users/delete', 3),
(20, 'access-control', 3),
(21, 'access-control/update', 3);

INSERT INTO `views_clanku` (id, id_clanku, pocet, datum) VALUES
(1, 1, 120, '2025-01-01'),
(2, 1, 150, '2025-01-02'),
(3, 1, 180, '2025-01-03'),
(4, 2, 90, '2025-01-02'),
(5, 2, 140, '2025-01-03'),
(6, 2, 200, '2025-01-04'),
(7, 3, 100, '2025-01-03'),
(8, 3, 110, '2025-01-04'),
(9, 3, 150, '2025-01-05'),
(10, 4, 130, '2025-01-04'),
(11, 4, 160, '2025-01-05'),
(12, 4, 190, '2025-01-06'),
(13, 5, 140, '2025-01-05'),
(14, 5, 170, '2025-01-06'),
(15, 5, 200, '2025-01-07'),
(16, 6, 95, '2025-01-06'),
(17, 6, 115, '2025-01-07'),
(18, 6, 135, '2025-01-08'),
(19, 7, 145, '2025-01-07'),
(20, 7, 165, '2025-01-08'),
(21, 7, 185, '2025-01-09'),
(22, 8, 125, '2025-01-08'),
(23, 8, 145, '2025-01-09'),
(24, 8, 165, '2025-01-10'),
(25, 9, 105, '2025-01-09'),
(26, 9, 125, '2025-01-10'),
(27, 9, 145, '2025-01-11'),
(28, 10, 175, '2025-01-10'),
(29, 10, 195, '2025-01-11'),
(30, 10, 215, '2025-01-12'),
(31, 11, 135, '2025-01-11'),
(32, 11, 155, '2025-01-12'),
(33, 11, 175, '2025-01-13'),
(34, 12, 185, '2025-01-12'),
(35, 12, 205, '2025-01-13'),
(36, 12, 225, '2025-01-14'),
(37, 13, 115, '2025-01-13'),
(38, 13, 135, '2025-01-14'),
(39, 13, 155, '2025-01-15'),
(40, 14, 165, '2025-01-14'),
(41, 14, 185, '2025-01-15'),
(42, 14, 205, '2025-01-16'),
(43, 15, 145, '2025-01-15'),
(44, 15, 165, '2025-01-16'),
(45, 15, 185, '2025-01-17'),
(46, 16, 155, '2025-01-16'),
(47, 16, 175, '2025-01-17'),
(48, 16, 195, '2025-01-18'),
(49, 17, 205, '2025-01-17'),
(50, 17, 225, '2025-01-18'),
(51, 26, 140, '2025-01-01'),
(52, 26, 160, '2025-01-02'),
(53, 26, 180, '2025-01-03'),
(54, 27, 120, '2025-01-01'),
(55, 27, 130, '2025-01-02'),
(56, 27, 140, '2025-01-03'),
(57, 28, 110, '2025-01-01'),
(58, 28, 120, '2025-01-02'),
(59, 28, 130, '2025-01-03'),
(60, 29, 150, '2025-01-01'),
(61, 29, 170, '2025-01-02'),
(62, 29, 190, '2025-01-03'),
(63, 30, 200, '2025-01-01'),
(64, 30, 210, '2025-01-02'),
(65, 30, 220, '2025-01-03'),
(66, 31, 130, '2025-01-01'),
(67, 31, 140, '2025-01-02'),
(68, 31, 150, '2025-01-03'),
(69, 32, 160, '2025-01-01'),
(70, 32, 170, '2025-01-02'),
(71, 32, 180, '2025-01-03'),
(72, 33, 120, '2025-01-01'),
(73, 33, 130, '2025-01-02'),
(74, 33, 140, '2025-01-03'),
(75, 34, 110, '2025-01-01'),
(76, 34, 120, '2025-01-02'),
(77, 34, 130, '2025-01-03'),
(78, 35, 150, '2025-01-01'),
(79, 35, 170, '2025-01-02'),
(80, 35, 190, '2025-01-03'),
(81, 36, 130, '2025-01-01'),
(82, 36, 140, '2025-01-02'),
(83, 36, 150, '2025-01-03'),
(84, 37, 110, '2025-01-01'),
(85, 37, 120, '2025-01-02'),
(86, 37, 130, '2025-01-03'),
(87, 38, 140, '2025-01-01'),
(88, 38, 150, '2025-01-02'),
(89, 38, 160, '2025-01-03'),
(90, 39, 170, '2025-01-01'),
(91, 39, 180, '2025-01-02'),
(92, 39, 190, '2025-01-03'),
(93, 40, 200, '2025-01-01'),
(94, 40, 210, '2025-01-02'),
(95, 40, 220, '2025-01-03'),
(96, 41, 130, '2025-01-01'),
(97, 41, 140, '2025-01-02'),
(98, 41, 150, '2025-01-03'),
(99, 42, 160, '2025-01-01'),
(100, 42, 170, '2025-01-02');

INSERT INTO `clanky_kategorie` (id, id_clanku, id_kategorie) VALUES
(1, 1, 3),
(2, 1, 5),
(3, 2, 1),
(4, 3, 4),
(5, 3, 2),
(6, 4, 6),
(7, 4, 1),
(8, 5, 3),
(9, 6, 5),
(10, 6, 2),
(11, 7, 4),
(12, 7, 1),
(13, 8, 3),
(14, 9, 5),
(15, 9, 6),
(16, 10, 2),
(17, 10, 4),
(18, 11, 1),
(19, 12, 3),
(20, 12, 5),
(21, 13, 2),
(22, 14, 4),
(23, 14, 6),
(24, 15, 1),
(25, 16, 3),
(26, 16, 5),
(27, 17, 2),
(28, 18, 4),
(29, 18, 6),
(30, 19, 1),
(31, 20, 3),
(32, 20, 5),
(33, 21, 2),
(34, 22, 4),
(35, 22, 6),
(36, 23, 1),
(37, 24, 3),
(38, 25, 5),
(39, 25, 2),
(40, 26, 4),
(41, 27, 6),
(42, 27, 1),
(43, 28, 3),
(44, 29, 5),
(45, 30, 2),
(46, 31, 4),
(47, 32, 6),
(48, 32, 1),
(49, 33, 3),
(50, 34, 5),
(51, 35, 2),
(52, 36, 4),
(53, 37, 6),
(54, 38, 1),
(55, 39, 3),
(56, 40, 5),
(57, 41, 2),
(58, 42, 4),
(59, 43, 6),
(60, 44, 1),
(61, 45, 3),
(62, 46, 5),
(63, 47, 2),
(64, 48, 4),
(65, 49, 6),
(66, 50, 1);

INSERT INTO `clanky` (id, nazev, datum, viditelnost, nahled_foto, obsah, user_id, autor, url) VALUES
(1, 'Článek 1', '2025-01-01 09:00:00', 1, 'image_1.jpg', 'Obsah článku 1.', 2, 1, 'clanek-1'),
(2, 'Článek 2', '2025-01-02 10:15:00', 1, 'image_2.jpg', 'Obsah článku 2.', 3, 0, 'clanek-2'),
(3, 'Článek 3', '2025-01-03 11:30:00', 0, 'image_3.jpg', 'Obsah článku 3.', 4, 1, 'clanek-3'),
(4, 'Článek 4', '2025-01-04 08:45:00', 1, 'image_4.jpg', 'Obsah článku 4.', 5, 1, 'clanek-4'),
(5, 'Článek 5', '2025-01-05 14:20:00', 1, 'image_5.jpg', 'Obsah článku 5.', 6, 0, 'clanek-5'),
(6, 'Článek 6', '2025-01-06 09:15:00', 1, 'image_6.jpg', 'Obsah článku 6.', 7, 1, 'clanek-6'),
(7, 'Článek 7', '2025-01-07 10:30:00', 1, NULL, 'Obsah článku 7.', 8, 0, 'clanek-7'),
(8, 'Článek 8', '2025-01-08 11:45:00', 1, 'image_8.jpg', 'Obsah článku 8.', 9, 1, 'clanek-8'),
(9, 'Článek 9', '2025-01-09 12:00:00', 0, 'image_9.jpg', 'Obsah článku 9.', 10, 1, 'clanek-9'),
(10, 'Článek 10', '2025-01-10 08:30:00', 1, 'image_10.jpg', 'Obsah článku 10.', 1, 0, 'clanek-10'),
(11, 'Článek 11', '2025-01-11 09:45:00', 1, 'image_11.jpg', 'Obsah článku 11.', 2, 1, 'clanek-11'),
(12, 'Článek 12', '2025-01-12 10:00:00', 0, 'image_12.jpg', 'Obsah článku 12.', 3, 1, 'clanek-12'),
(13, 'Článek 13', '2025-01-13 11:15:00', 1, 'image_13.jpg', 'Obsah článku 13.', 4, 0, 'clanek-13'),
(14, 'Článek 14', '2025-01-14 12:30:00', 1, 'image_14.jpg', 'Obsah článku 14.', 5, 1, 'clanek-14'),
(15, 'Článek 15', '2025-01-15 08:45:00', 1, 'image_15.jpg', 'Obsah článku 15.', 6, 0, 'clanek-15'),
(16, 'Článek 16', '2025-01-16 09:00:00', 1, 'image_16.jpg', 'Obsah článku 16.', 7, 1, 'clanek-16'),
(17, 'Článek 17', '2025-01-17 10:15:00', 1, 'image_17.jpg', 'Obsah článku 17.', 8, 0, 'clanek-17'),
(18, 'Článek 18', '2025-01-18 11:30:00', 1, NULL, 'Obsah článku 18.', 9, 1, 'clanek-18'),
(19, 'Článek 19', '2025-01-19 12:45:00', 0, 'image_19.jpg', 'Obsah článku 19.', 10, 1, 'clanek-19'),
(20, 'Článek 20', '2025-01-20 08:00:00', 1, 'image_20.jpg', 'Obsah článku 20.', 1, 0, 'clanek-20'),
(21, 'Článek 21', '2025-01-21 09:15:00', 1, 'image_21.jpg', 'Obsah článku 21.', 2, 1, 'clanek-21'),
(22, 'Článek 22', '2025-01-22 10:30:00', 0, NULL, 'Obsah článku 22.', 3, 0, 'clanek-22'),
(23, 'Článek 23', '2025-01-23 11:45:00', 1, 'image_23.jpg', 'Obsah článku 23.', 4, 1, 'clanek-23'),
(24, 'Článek 24', '2025-01-24 12:00:00', 0, 'image_24.jpg', 'Obsah článku 24.', 5, 1, 'clanek-24'),
(25, 'Článek 25', '2025-01-25 08:30:00', 1, 'image_25.jpg', 'Obsah článku 25.', 6, 0, 'clanek-25'),
(26, 'Článek 26', '2025-01-26 09:45:00', 1, 'image_26.jpg', 'Obsah článku 26.', 7, 1, 'clanek-26'),
(27, 'Článek 27', '2025-01-27 10:00:00', 1, NULL, 'Obsah článku 27.', 8, 0, 'clanek-27'),
(28, 'Článek 28', '2025-01-28 11:15:00', 1, 'image_28.jpg', 'Obsah článku 28.', 9, 1, 'clanek-28'),
(29, 'Článek 29', '2025-01-29 12:30:00', 0, 'image_29.jpg', 'Obsah článku 29.', 10, 1, 'clanek-29'),
(30, 'Článek 30', '2025-01-30 08:45:00', 1, 'image_30.jpg', 'Obsah článku 30.', 1, 0, 'clanek-30'),
(31, 'Článek 31', '2025-01-31 09:00:00', 1, NULL, 'Obsah článku 31.', 2, 1, 'clanek-31'),
(32, 'Článek 32', '2025-01-31 09:15:00', 1, 'image_32.jpg', 'Obsah článku 32.', 3, 1, 'clanek-32'),
(33, 'Článek 33', '2025-01-31 09:30:00', 1, 'image_33.jpg', 'Obsah článku 33.', 4, 0, 'clanek-33'),
(34, 'Článek 34', '2025-01-31 09:45:00', 0, NULL, 'Obsah článku 34.', 5, 1, 'clanek-34'),
(35, 'Článek 35', '2025-01-31 10:00:00', 1, 'image_35.jpg', 'Obsah článku 35.', 6, 0, 'clanek-35'),
(36, 'Článek 36', '2025-01-31 10:15:00', 1, 'image_36.jpg', 'Obsah článku 36.', 7, 1, 'clanek-36'),
(37, 'Článek 37', '2025-01-31 10:30:00', 1, 'image_37.jpg', 'Obsah článku 37.', 8, 0, 'clanek-37'),
(38, 'Článek 38', '2025-01-31 10:45:00', 1, 'image_38.jpg', 'Obsah článku 38.', 9, 1, 'clanek-38'),
(39, 'Článek 39', '2025-01-31 11:00:00', 1, 'image_39.jpg', 'Obsah článku 39.', 10, 1, 'clanek-39'),
(40, 'Článek 40', '2025-01-31 11:15:00', 1, 'image_40.jpg', 'Obsah článku 40.', 1, 0, 'clanek-40'),
(41, 'Článek 41', '2025-01-31 11:30:00', 1, NULL, 'Obsah článku 41.', 2, 1, 'clanek-41'),
(42, 'Článek 42', '2025-01-31 11:45:00', 1, 'image_42.jpg', 'Obsah článku 42.', 3, 1, 'clanek-42'),
(43, 'Článek 43', '2025-01-31 12:00:00', 1, 'image_43.jpg', 'Obsah článku 43.', 4, 0, 'clanek-43'),
(44, 'Článek 44', '2025-01-31 12:15:00', 0, 'image_44.jpg', 'Obsah článku 44.', 5, 1, 'clanek-44'),
(45, 'Článek 45', '2025-01-31 12:30:00', 1, 'image_45.jpg', 'Obsah článku 45.', 6, 0, 'clanek-45'),
(46, 'Článek 46', '2025-01-31 12:45:00', 1, 'image_46.jpg', 'Obsah článku 46.', 7, 1, 'clanek-46'),
(47, 'Článek 47', '2025-01-31 13:00:00', 1, 'image_47.jpg', 'Obsah článku 47.', 8, 0, 'clanek-47'),
(48, 'Článek 48', '2025-01-31 13:15:00', 1, 'image_48.jpg', 'Obsah článku 48.', 9, 1, 'clanek-48'),
(49, 'Článek 49', '2025-01-31 13:30:00', 1, NULL, 'Obsah článku 49.', 10, 1, 'clanek-49'),
(50, 'Článek 50', '2025-01-31 13:45:00', 1, 'image_50.jpg', 'Obsah článku 50.', 1, 0, 'clanek-50');


UPDATE `clanky` 
SET `nahled_foto` = NULL;


INSERT INTO `kategorie` (id, nazev_kategorie, url) VALUES
(1, 'Aktuality', 'aktuality'),
(2, 'Technika', 'technika'),
(3, 'Závody', 'zavody'),
(4, 'Nevybráno', 'nevybrano');


INSERT INTO `users` (id, email, heslo, role, name, surname, profil_foto, zahlavi_foto, popis, datum) VALUES
(1, 'onvin@seznam.cz', '$2y$10$i9v5ZPQ82hKDVb1to9kHfu3by2JPS5u6.dpUXVITJaMrgo6.WOSiG', 3, 'Ondřej', 'Vincenc', 'profil.jpg', 'zahlavi.jpg', 'Cyklistický nadšenec.', '2005-12-06'),
(2, 'user2@example.com', 'password2', 2, 'Adam', 'Fecko', 'profile_2.jpg', 'header_2.jpg', 'Popis uživatele Adam Fecko.', '2025-01-02'),
(3, 'user3@example.com', 'password3', 1, 'Adam', 'Havlík', 'profile_3.jpg', 'header_3.jpg', 'Popis uživatele Adam Havlík.', '2025-01-03'),
(4, 'user4@example.com', 'password4', 2, 'Richard', 'Horáček', 'profile_4.jpg', 'header_4.jpg', 'Popis uživatele Richard Horáček.', '2025-01-04'),
(5, 'user5@example.com', 'password5', 1, 'Adam', 'Jozek', 'profile_5.jpg', 'header_5.jpg', 'Popis uživatele Adam Jozek.', '2025-01-05'),
(6, 'user6@example.com', 'password6', 2, 'Jan', 'Karlík', 'profile_6.jpg', 'header_6.jpg', 'Popis uživatele Jan Karlík.', '2025-01-06'),
(7, 'user7@example.com', 'password7', 1, 'Saša', 'Klíž', 'profile_7.jpg', 'header_7.jpg', 'Popis uživatele Saša Klíž.', '2025-01-07'),
(8, 'user8@example.com', 'password8', 2, 'Filip', 'Kroužel', 'profile_8.jpg', 'header_8.jpg', 'Popis uživatele Filip Kroužel.', '2025-01-08'),
(9, 'user9@example.com', 'password9', 1, 'Lukáš', 'Makarov', 'profile_9.jpg', 'header_9.jpg', 'Popis uživatele Lukáš Makarov.', '2025-01-09'),
(10, 'user10@example.com', 'password10', 2, 'Steve', 'Osyka', 'profile_10.jpg', 'header_10.jpg', 'Popis uživatele Steve Osyka.', '2025-01-10');
